﻿Designator,Footprint,Quantity,Value,LCSC Part #
-           +,KF7.62_2P,1,Screw_Terminal_01x02,
"1, 10, 11, 12, 13, 14, 15, 16, 17, 18, 19, 2, 20, 21, 22, 23, 24, 3, 4, 5, 6, 7, 8, 9",JST_XH_B3B-XH-A_1x03_P2.50mm_Vertical,24,Conn_01x03_Pin,
"C1, C3",CP_Elec_8x10,2,220uF,
"C2, C4",1206,2,100nF,
"D1, D2",D_SMA_Handsoldering,2,SS14,
D3,1206,1,LED,
L1,L_12x12mm_H8mm,1,68uH,
R1,1206,1,1K,
"R10, R11, R12, R13, R14, R15, R16, R17, R18, R19, R2, R20, R21, R22, R23, R24, R25, R3, R4, R5, R6, R7, R8, R9",1206,24,R,
"SDA SCL, TX DX",PinHeader_1x02_P2.54mm_Vertical,2,Conn_01x02_Socket,
U1,MODULE_ESP32-DEVKITC,1,ESP32-DEVKITC-v4,
"U10, U11, U12, U13, U14, U15, U17, U18, U19, U20, U21, U22, U23, U24, U26, U27, U28, U29, U3, U4, U5, U6, U8, U9",DIP-4_W7.62mm_SMDSocket_SmallPads,24,PC817,
"U16, U25, U7",SOIC-16W_5.3x10.2mm_P1.27mm,3,74HC4051,
U2,TO-263-5_TabPin3,1,LM2596S-5,
