﻿Designator,Footprint,Quantity,Value,LCSC Part #
C1,CP_Elec_10x10,1,220uF,
"C2, C4",1206,2,100nF,
C3,CP_Elec_8x10,1,220uF,
"D1, D3",D_SMA_Handsoldering,2,SS14,
D2,1206,1,LED,
J1,"TerminalBlock_Phoenix_MKDS-1,5-2_1x02_P5.00mm_Horizontal",1,24V IN,
J2,"TerminalBlock_Phoenix_MKDS-1,5-4_1x04_P5.00mm_Horizontal",1,Lamp (+),
J3,"TerminalBlock_Phoenix_MKDS-1,5-4_1x04_P5.00mm_Horizontal",1,SENSOR OUT (-),
L2,L_12x12mm_H8mm,1,68uH,
"R1, R2, R3, R4, R5",1206,5,1k,
U1,TO-263-5_TabPin3,1,LM2596S-5,
"U2, U3, U4, U5",DIP-4_W7.62mm_SMDSocket_SmallPads,4,PC817,
U6,MODULE_ESP32-DEVKITC,1,ESP32-DEVKITC-v4,
